<?xml version="1.0" encoding="UTF-8" standalone="yes"?>
<addon id="repository.xvdr.rpi" name="XVDR Updates (32bit)" version="1.0.0" provider-name="Alexander Pipelka">
	<extension point="xbmc.addon.repository" name="XVDR Add-on Repository (Raspberry Pi)">
		<info compressed="false">http://dl.dropbox.com/u/240579/xbmc-addon-xvdr-helix/rpi/addons.xml</info>
		<checksum>http://dl.dropbox.com/u/240579/xbmc-addon-xvdr-helix/rpi/addons.xml.md5</checksum>
		<datadir zip="true">http://dl.dropbox.com/u/240579/xbmc-addon-xvdr-helix/rpi</datadir>
	</extension>
	<extension point="xbmc.addon.metadata">
		<summary>XVDR Addon Repository for Raspberry Pi clients</summary>
		<description>Download updates for your XVDR plugin automatically</description>
		<platform>linux</platform>
	</extension>
</addon>
