﻿<?xml version="1.0" encoding="UTF-8" standalone="yes"?>
<addon id="plugin.video.torrenter" name="Torrenter" version="1.2.10" provider-name="vadim.skorba@gmail.com">
    <requires>
        <import addon="xbmc.python" version="2.1.0"/>
    </requires>
    <extension point="xbmc.python.pluginsource" provides="video" library="default.py">
        <provides>video</provides>
    </extension>
    <extension point="xbmc.addon.repository" name="Torrenter Repository">
        <info compressed="false">https://api.bitbucket.org/1.0/repositories/vadimskorba/torrenter/raw/default/addons.xml</info>
        <checksum>https://api.bitbucket.org/1.0/repositories/vadimskorba/torrenter/raw/default/addons.xml.md5</checksum>
        <datadir zip="true">https://api.bitbucket.org/1.0/repositories/vadimskorba/torrenter/raw/default/</datadir>
    </extension>
    <extension point="xbmc.addon.metadata">
        <platform>all</platform>
        <summary lang='en'>Plugin helps you to watch videos from p2p torrent-networks, without full predownload.</summary>
		<description lang='en'>Plugin helps you to watch videos from p2p torrent-networks, without full predownload. Requires installed 'python-libtorrent' library (read README.TXT)</description>
        <disclaimer lang='en'>GNU GPLv3 http://www.gnu.org/licenses/</disclaimer>
        <summary lang='ru'>Плагин позволяет просматривать видео из пиринговых торрент-сетей, не дожидаясь полного скачивания.</summary>
		<description lang='ru'>Плагин позволяет просматривать видео из пиринговых торрент-сетей, не дожидаясь полного скачивания. Требует установленной библиотеки 'python-libtorrent' (см. README.TXT)</description>
        <disclaimer lang='ru'>GNU GPLv3 http://www.gnu.org/licenses/</disclaimer>
    </extension>
</addon>
