<?xml version="1.0" encoding="UTF-8" standalone="yes"?>
<addon id="plugin.video.yourcinema-tv.com" name="Yourcinema-tv.com" version="1.3" provider-name="Wispik">
  <requires>
    <import addon="xbmc.python" version="2.1.0" />
    <import addon="script.module.beautifulsoup4" version="4.3.2"/>
    <import addon="script.module.html5lib" version="0.999.0"/>
    <import addon="script.module.six" version="1.5.2"/>
  </requires>
  <extension point="xbmc.python.pluginsource" provides="video" library="default.py">
    <provides>video</provides>
  </extension>
  <extension point="xbmc.addon.metadata">
    <summary>Смотреть сериалы и фильмы онлайн в HD качестве бесплатно</summary>
    <description>Наш сайт - yourcinema-tv.com - поможет вам найти все серии ваших любимых сериалов, а так же новинки кино в отличном HD качестве. также на сайте большой выбор сериалов в оригинальной озвучке, с субтитрами</description>
    <platform>all</platform>
    <language>ru</language>
  </extension>
</addon>