<?xml version="1.0" encoding="UTF-8" standalone="yes"?>
<addon id="repository.xvdr.osx" name="XVDR Updates (32bit)" version="1.0.0" provider-name="Alexander Pipelka">
	<extension point="xbmc.addon.repository" name="XVDR Add-on Repository (Apple MacOS X)">
		<info compressed="false">http://dl.dropbox.com/u/240579/xbmc-addon-xvdr-helix/osx/addons.xml</info>
		<checksum>http://dl.dropbox.com/u/240579/xbmc-addon-xvdr-helix/osx/addons.xml.md5</checksum>
		<datadir zip="true">http://dl.dropbox.com/u/240579/xbmc-addon-xvdr-helix/osx</datadir>
	</extension>
	<extension point="xbmc.addon.metadata">
		<summary>XVDR Addon Repository for Apple MacOS X clients</summary>
		<description>Download updates for your XVDR plugin automatically</description>
		<platform>osx</platform>
	</extension>
</addon>
