﻿<?xml version="1.0" encoding="UTF-8" standalone="yes"?>
<addon id="plugin.video.cinema-hd.ru.a" name="Cinema-hd.ru.a" version="0.4.0~beta" provider-name="kit500">
  <requires>
    <import addon="xbmc.python" version="2.1.0" />
    <import addon="script.module.beautifulsoup4" version="4.3.2"/>
    <import addon="script.module.html5lib" version="0.999.0"/>
    <import addon="script.module.six" version="1.5.2"/>
  </requires>
  <extension point="xbmc.python.pluginsource" provides="video" library="default.py">
    <provides>video</provides>
  </extension>
  <extension point="xbmc.addon.metadata">
    <summary>Cinema-hd.ru - Мир HD фильмов онлайн</summary>
    <description>Cinema-hd.ru - Мир HD фильмов онлайн</description>
    <platform>all</platform>
    <language>ru</language>
    <forum>http://xbmc.ru/forum/showthread.php?t=4432</forum>
    <email>kit500.development at gmail dot com</email>
    <disclaimer>Вы можете поддержать развитие плагина:
WM: R566286875734, Z121552440022
Paypal (напишите на kit500.development at gmail dot com)
</disclaimer>
  </extension>
</addon>

