<?xml version="1.0" encoding="UTF-8"?>
<addon id="plugin.video.filmix"
version="0.0.0.2"
name="Filmix"
provider-name="Li-Gru">
<requires>
  <import addon="xbmc.python" version="2.14.0"/>
</requires>
<extension point="xbmc.python.pluginsource" library="default.py">
  <provides>video</provides>
</extension>
<extension point="xbmc.addon.metadata"> 
  <summary lang="en">filmix.net</summary>
  <summary lang="ru">Видео с сайта filmix.net</summary>
  <description lang="en">filmix.net.</description>
  <description lang="ru">Дополнение для просмотра видео с сайта filmix.net.</description>
  <platform>all</platform> 
</extension>
</addon>
