<?xml version="1.0" encoding="utf-8" standalone="yes"?>
<addon id="plugin.video.freem3u"
       name="[COLOR FF00FF00]freem3u[/COLOR]"
       version="1.5.7"
       provider-name="CSC">
  <requires>
    <import addon="xbmc.python" version="2.1.0"/>
  </requires>
  <extension point="xbmc.python.pluginsource" provides="video" library="addon.py">
    <provides>video</provides>
  </extension>
  <extension point="xbmc.addon.metadata">
    <summary>freem3u</summary>
    <description>
Настрой url на свои сайты с фильмами/каналами/вэбкамерами и т.д.
    </description>
    <platform>all</platform>
  </extension>
</addon>
