<?xml version="1.0" encoding="UTF-8" standalone="yes"?>
<addon id="repository.xvdr.linux32" name="XVDR Updates (32bit)" version="1.0.0" provider-name="Alexander Pipelka">
	<extension point="xbmc.addon.repository" name="XVDR Add-on Repository (Linux 32bit)">
		<info compressed="false">http://dl.dropbox.com/u/240579/xbmc-addon-xvdr-helix/32bit/addons.xml</info>
		<checksum>http://dl.dropbox.com/u/240579/xbmc-addon-xvdr-helix/32bit/addons.xml.md5</checksum>
		<datadir zip="true">http://dl.dropbox.com/u/240579/xbmc-addon-xvdr-helix/32bit</datadir>
	</extension>
	<extension point="xbmc.addon.metadata">
		<summary>XVDR Addon Repository for 32Bit Linux clients</summary>
		<description>Download updates for your XVDR plugin automatically</description>
		<platform>linux</platform>
	</extension>
</addon>
